<beans xmlns="http://www.springframework.org/schema/beans"
	xmlns:context="http://www.springframework.org/schema/context"
	xmlns:mvc="http://www.springframework.org/schema/mvc" xmlns:xsi="http://www.w3.org/2001/XMLSchema-instance"
	xsi:schemaLocation=" http://www.springframework.org/schema/beans http://www.springframework.org/schema/beans/spring-beans-3.0.xsd http://www.springframework.org/schema/context 
        http://www.springframework.org/schema/context/spring-context-3.0.xsd http://www.springframework.org/schema/mvc http://www.springframework.org/schema/mvc/spring-mvc-3.0.xsd">

<context:component-scan base-package="myapp" />

	<bean id="viewResolver"
    	class="org.springframework.web.servlet.view.InternalResourceViewResolver" >
        <property name="prefix">
            <value>/WEB-INF/views/</value>
        </property>
        <property name="suffix">
            <value>.jsp</value>
        </property>
    </bean>
    <bean id="dataSource" class="org.springframework.jdbc.datasource.DriverManagerDataSource">
 
        <property name="driverClassName" value="com.mysql.jdbc.Driver" />
        <property name="url" value="jdbc:mysql://localhost:3306/nepal_government_contact" />
        <property name="username" value="root" />
        <property name="password" value="LFC-SG8" />
    </bean>
    <bean id="jdbcTemplate" class="org.springframework.jdbc.core.JdbcTemplate">
        <constructor-arg ref="dataSource" />
    </bean>
<bean id="cdaoimpl" class="myapp.dao.ContactDAOImpl">
    <property name="jdbcTemplate" ref="jdbcTemplate" />
</bean>
<bean id="orgdaoimpl" class="myapp.dao.OrgDAOImpl">
     <property name="jdbcTemplate" ref="jdbcTemplate" />
</bean>
<bean id="userdaoimpl" class="myapp.dao.UserDAOImpl" />
    

<mvc:resources mapping="/resources/css/**" location="/resources/css/" />
<mvc:resources mapping="/resources/js/**" location="/resources/js/" />
<mvc:annotation-driven />
</beans>