<?xml version="1.0" encoding="UTF-8"?>
<!DOCTYPE hibernate-configuration PUBLIC "-//Hibernate/Hibernate Configuration DTD 3.0//EN" "http://hibernate.sourceforge.net/hibernate-configuration-3.0.dtd">
<hibernate-configuration>
    <session-factory>
        <property name="hibernate.dialect">org.hibernate.dialect.MySQLDialect</property>
        <property name="hibernate.connection.driver_class">com.mysql.jdbc.Driver</property>
        <property name="hibernate.connection.url">jdbc:mysql://localhost:3306/nepal_government_contact</property>
        <property name="hibernate.connection.username">root</property>
        <property name="hibernate.connection.password">LFC-SG8</property>
        <property name="show_sql">true</property>      
        <property name="hbm2ddl.auto">none</property>
        <mapping resource="Contact.hbm.xml" />
       
        
    </session-factory>
</hibernate-configuration>